,연도,입학정원,모집인원_계,모집인원_정원내,모집인원_정원외,지원자_계,지원자_정원내,지원자_정원외,입학자_계,입학자_정원내_계,입학자_정원내_남,입학자_정원내_여,입학자_정원외_계,입학자_정원외_남,입학자_정원외_여,지역
0,2009-01-01,671884,803936,669315,134621,4182669,3920582,262087,682119,612097,313566,298531,70022,35864,34158,전체
1,2010-01-01,668364,809549,668745,140804,4845518,4526486,319032,698628,620321,312307,308014,78307,39602,38705,전체
2,2011-01-01,666668,807959,668278,139681,5695255,5364396,330859,699852,623627,312863,310764,76225,39770,36455,전체
3,2012-01-01,654841,796666,658045,138621,5706011,5370730,335281,684100,606613,307888,298725,77487,40331,37156,전체
4,2013-01-01,635645,760491,635016,125475,4803151,4545963,257188,656241,588681,297623,291058,67560,33712,33848,전체
5,2014-01-01,639199,776252,639927,136325,4791353,4523592,267761,657957,585609,294221,291388,72348,35697,36651,전체
6,2015-01-01,620727,752292,620937,131355,4906226,4636239,269987,639730,569540,283023,286517,70190,34021,36169,전체
7,2016-01-01,605806,744338,606682,137656,4839424,4581696,257728,624446,552228,270541,281687,72218,34783,37435,전체
8,2017-01-01,595472,732459,595056,137403,4758971,4496320,262651,606784,535412,263370,272042,71372,34127,37245,전체
9,2018-01-01,584933,727953,585753,142200,4789907,4506344,283563,604469,528892,258845,270047,75577,36060,39517,전체
10,2019-01-01,580478,723329,580918,142411,4919171,4630683,288488,603208,525080,259565,265515,78128,37631,40497,전체
11,2020-01-01,576295,738849,575456,163393,4564178,4268852,295326,594131,512962,254430,258532,81169,39041,42128,전체
12,2021-01-01,569846,738518,570402,168116,3915429,3625048,290381,560421,481319,240322,240997,79102,37252,41850,전체
13,2022-01-01,558563,723816,558248,177530,4831626,4585225,290725,560170,488762,235384,240888,79992,37495,49244,전체
14,2023-01-01,550244,715014,549479,188901,4820528,4578687,289568,548956,477765,230505,231041,80487,37428,53664,전체
15,2024-01-01,542048,706318,540797,200875,4809430,4572149,288428,537743,466768,225727,224853,80979,37361,58482,전체
16,2025-01-01,533974,697729,532202,213477,4798333,4565611,287303,526530,455771,221049,215132,81470,37295,63732,전체
17,2026-01-01,526021,689244,523694,226732,4787235,4559073,286194,515317,444774,216467,208817,81958,37231,69453,전체
18,2027-01-01,518186,680862,515270,240664,4776138,4552536,285101,504103,433777,211980,199223,82445,37166,75687,전체
19,2028-01-01,510467,672582,506930,255301,4765040,4545998,284022,492890,422780,207586,192782,82929,37103,82482,전체
20,2029-01-01,502864,664403,498674,270668,4753943,4539460,282958,481677,411783,203284,183314,83412,37040,89886,전체
21,2030-01-01,495374,656323,490500,286792,4742845,4532922,281909,470464,400786,199070,176747,83892,36978,97955,전체
22,2031-01-01,487995,648341,482408,303700,4731748,4526384,280874,459251,389789,194944,167405,84370,36917,106748,전체
23,2032-01-01,480727,640457,474398,321422,4720650,4519846,279853,448037,378792,190904,160712,84847,36857,116331,전체
24,2033-01-01,473566,632668,466467,339984,4709553,4513308,278846,436824,367795,186947,151496,85321,36797,126774,전체
25,2034-01-01,466513,624974,458615,359417,4698455,4506770,277853,425611,356799,183072,144677,85793,36738,138154,전체
26,2035-01-01,459564,617374,450842,379749,4687358,4500232,276873,414398,345802,179277,135587,86263,36679,150556,전체
27,2036-01-01,452719,609866,443147,401011,4676260,4493694,275906,403184,334805,175562,128642,86730,36621,164071,전체
28,2037-01-01,445976,602449,435529,423233,4665163,4487157,274953,391971,323808,171923,119678,87196,36564,178799,전체
29,2038-01-01,439333,595123,427986,446445,4654065,4480619,274012,380758,312811,168359,112607,87659,36508,194850,전체
30,2039-01-01,432789,587885,420520,470679,4642968,4474081,273083,369545,301814,164870,103768,88120,36452,212341,전체
31,2040-01-01,426343,580736,413128,495966,4631870,4467543,272167,358332,290817,161452,96572,88579,36397,231403,전체
32,2041-01-01,419992,573674,405809,522338,4620772,4461005,271263,347118,279820,158106,87859,89036,36343,252175,전체
33,2042-01-01,413737,566697,398564,549828,4609675,4454467,270372,335905,268823,154829,80537,89490,36289,274812,전체
34,2043-01-01,407574,559806,391392,578468,4598577,4447929,269492,324692,257826,151620,71950,89942,36235,299482,전체
35,2044-01-01,401503,552998,384291,608290,4587480,4441391,268623,313479,246829,148477,64502,90392,36183,326366,전체
36,2045-01-01,395523,546273,377261,639328,4576382,4434853,267766,302265,235832,145400,56041,90840,36131,355663,전체
37,2046-01-01,389632,539629,370302,671616,4565285,4428315,266921,291052,224835,142386,48467,91285,36079,387590,전체
38,2047-01-01,383828,533067,363412,705187,4554187,4421777,266086,279839,213838,139435,40132,91728,36028,422383,전체
39,2048-01-01,378111,526584,356591,740075,4543090,4415240,265262,268626,202841,136545,32432,92169,35978,460300,전체
40,2049-01-01,372479,520180,349838,776314,4531992,4408702,264450,257413,191844,133715,24223,92607,35928,501620,전체
41,2050-01-01,366931,513855,343153,813938,4520895,4402164,263647,246199,180847,130943,16397,93043,35879,546650,전체
42,2009-01-01,27317,31761,27410,4351,110345,101910,8435,26864,24171,14444,9727,2693,1634,1059,강원
43,2010-01-01,26941,31452,27075,4377,131926,121076,10850,28051,25126,14673,10453,2925,1742,1183,강원
44,2011-01-01,27058,31433,27119,4314,156733,144795,11938,28285,25525,14876,10649,2760,1636,1124,강원
45,2012-01-01,26717,30699,26737,3962,155947,144487,11460,27294,24671,14422,10249,2623,1570,1053,강원
46,2013-01-01,25217,28314,25044,3270,138339,129377,8962,26638,24390,14135,10255,2248,1268,980,강원
47,2014-01-01,24738,27998,24678,3320,129735,120862,8873,26281,23967,13926,10041,2314,1326,988,강원
48,2015-01-01,24405,27472,24428,3044,129988,122459,7529,25794,23719,13709,10010,2075,1171,904,강원
49,2016-01-01,23208,26408,23223,3185,129343,122288,7055,24519,22383,12720,9663,2136,1199,937,강원
50,2017-01-01,22535,25666,22494,3172,128767,121250,7517,23754,21626,12076,9550,2128,1199,929,강원
51,2018-01-01,21126,24471,21210,3261,127836,119986,7850,23068,20827,11542,9285,2241,1188,1053,강원
52,2019-01-01,20984,24306,21063,3243,131122,123184,7938,22814,20591,11365,9226,2223,1118,1105,강원
53,2020-01-01,20383,23284,20449,2835,122100,114861,7239,21893,19936,11127,8809,1957,947,1010,강원
54,2021-01-01,19736,22311,19813,2498,107540,100167,7373,19246,17421,9686,7735,1825,845,980,강원
55,2022-01-01,19309,21786,19399,2409,129203,123484,6930,19315,17340,9434,7243,1825,890,976,강원
56,2023-01-01,18847,21085,18931,2323,128669,123343,6996,18633,16750,9111,6714,1766,845,972,강원
57,2024-01-01,18397,20413,18473,2240,128135,123202,6586,17951,16161,8793,6291,1708,802,969,강원
58,2025-01-01,17957,19769,18027,2160,127601,123062,6652,17270,15571,8478,5953,1653,761,965,강원
59,2026-01-01,17527,19152,17591,2083,127067,122921,6242,16588,14981,8168,5682,1599,722,962,강원
60,2027-01-01,17108,18560,17166,2009,126533,122780,6308,15906,14392,7862,5466,1547,685,958,강원
61,2028-01-01,16699,17991,16752,1937,125999,122639,5898,15225,13802,7561,5293,1496,651,955,강원
62,2029-01-01,16300,17446,16347,1868,125464,122498,5964,14543,13212,7263,5154,1448,617,951,강원
63,2030-01-01,15910,16922,15952,1801,124930,122357,5554,13861,12623,6969,5043,1401,586,948,강원
64,2031-01-01,15529,16419,15566,1736,124396,122217,5620,13180,12033,6679,4955,1355,556,945,강원
65,2032-01-01,15158,15935,15190,1674,123862,122076,5210,12498,11443,6393,4884,1311,528,941,강원
66,2033-01-01,14795,15471,14823,1615,123328,121935,5276,11816,10854,6111,4827,1268,501,938,강원
67,2034-01-01,14441,15024,14465,1557,122794,121794,4866,11135,10264,5833,4782,1227,476,935,강원
68,2035-01-01,14096,14595,14116,1501,122260,121653,4932,10453,9674,5558,4745,1187,451,931,강원
69,2036-01-01,13759,14182,13775,1448,121726,121513,4522,9771,9085,5287,4716,1149,428,928,강원
70,2037-01-01,13430,13785,13442,1396,121192,121372,4588,9090,8495,5020,4693,1111,407,925,강원
71,2038-01-01,13109,13403,13117,1346,120658,121231,4178,8408,7905,4756,4674,1075,386,922,강원
72,2039-01-01,12795,13034,12800,1298,120123,121090,4244,7726,7316,4496,4659,1040,366,919,강원
73,2040-01-01,12489,12680,12491,1251,119589,120949,3834,7044,6726,4239,4647,1006,348,915,강원
74,2041-01-01,12190,12339,12189,1207,119055,120808,3900,6363,6136,3986,4638,973,330,912,강원
75,2042-01-01,11899,12010,11895,1164,118521,120668,3490,5681,5547,3736,4630,942,313,909,강원
76,2043-01-01,11614,11693,11607,1122,117987,120527,3556,4999,4957,3490,4624,911,297,906,강원
77,2044-01-01,11337,11387,11327,1082,117453,120386,3146,4318,4367,3247,4619,881,282,903,강원
78,2045-01-01,11065,11092,11053,1043,116919,120245,3212,3636,3778,3007,4615,853,268,900,강원
79,2046-01-01,10801,10808,10786,1006,116385,120104,2802,2954,3188,2770,4612,825,254,897,강원
80,2047-01-01,10542,10534,10525,970,115851,119964,2868,2273,2598,2537,4610,798,241,894,강원
81,2048-01-01,10290,10269,10271,935,115316,119823,2458,1591,2009,2307,4608,772,229,891,강원
82,2049-01-01,10044,10014,10023,902,114782,119682,2524,909,1419,2079,4606,747,217,889,강원
83,2050-01-01,9804,9767,9781,870,114248,119541,2114,228,829,1855,4605,723,206,886,강원
84,2009-01-01,105956,134532,106927,27605,980974,928121,52853,119497,105568,54116,51452,13929,7349,6580,경기
85,2010-01-01,105690,133844,105880,27964,1167193,1103164,64029,121095,105385,52721,52664,15710,8415,7295,경기
86,2011-01-01,104918,134318,105114,29204,1429583,1360820,68763,121346,104716,52150,52566,16630,8900,7730,경기
87,2012-01-01,102035,131989,102113,29876,1365755,1298698,67057,119391,101690,50582,51108,17701,9418,8283,경기
88,2013-01-01,100945,129402,101020,28382,1155237,1102999,52238,115817,100651,49916,50735,15166,7741,7425,경기
89,2014-01-01,97069,126069,97547,28522,1141739,1087955,53784,111739,96585,47473,49112,15154,7427,7727,경기
90,2015-01-01,94826,122554,94897,27657,1096204,1043295,52909,109296,94419,46133,48286,14877,7442,7435,경기
91,2016-01-01,92534,122076,92673,29403,1050515,999154,51361,106917,92187,45011,47176,14730,7381,7349,경기
92,2017-01-01,90138,118525,90310,28215,1026947,975688,51259,103952,89471,44292,45179,14481,7054,7427,경기
93,2018-01-01,89528,119167,89616,29551,1036564,980507,56057,104109,88721,43733,44988,15388,7459,7929,경기
94,2019-01-01,89330,119048,89463,29585,1114269,1054885,59384,105135,88854,44034,44820,16281,7980,8301,경기
95,2020-01-01,88642,118243,88962,29281,986775,927120,59655,103458,86579,43545,43034,16879,8335,8544,경기
96,2021-01-01,86753,115854,86955,28899,811034,751697,59337,93665,77580,39563,38017,16085,7532,8553,경기
97,2022-01-01,86198,115389,86261,29355,979550,932080,58826,96716,79832,40228,40391,61392,7123,8777,경기
98,2023-01-01,85538,114836,85574,29433,960163,913835,58424,94814,77702,39325,39363,67977,7050,8965,경기
99,2024-01-01,84889,114292,84900,29510,940775,895590,58029,92930,75571,38442,38336,75192,6980,9156,경기
100,2025-01-01,84251,113755,84237,29586,921388,877345,57641,91065,73441,37579,37309,83089,6911,9349,경기
101,2026-01-01,83625,113227,83586,29662,902000,859100,57259,89219,71310,36736,36282,91723,6844,9544,경기
102,2027-01-01,83009,112706,82947,29737,882613,840855,56884,87392,69180,35911,35254,101155,6780,9741,경기
103,2028-01-01,82404,112193,82318,29811,863226,822609,56514,85582,67049,35105,34227,111447,6717,9940,경기
104,2029-01-01,81810,111688,81701,29884,843838,804364,56151,83791,64918,34317,33200,122668,6655,10141,경기
105,2030-01-01,81225,111190,81094,29956,824451,786119,55794,82018,62788,33547,32172,134888,6596,10344,경기
106,2031-01-01,80651,110699,80498,30028,805064,767874,55442,80262,60657,32794,31145,148186,6538,10548,경기
107,2032-01-01,80086,110215,79912,30099,785676,749629,55096,78524,58527,32058,30118,162641,6481,10755,경기
108,2033-01-01,79531,109739,79337,30170,766289,731383,54756,76804,56396,31338,29091,178341,6427,10964,경기
109,2034-01-01,78985,109269,78771,30239,746902,713138,54421,75100,54266,30635,28063,195376,6373,11175,경기
110,2035-01-01,78449,108806,78215,30308,727514,694893,54092,73414,52135,29947,27036,213842,6321,11387,경기
111,2036-01-01,77921,108349,77668,30377,708127,676648,53768,71744,50004,29275,26009,233843,6271,11602,경기
112,2037-01-01,77402,107900,77130,30444,688739,658403,53449,70091,47874,28618,24982,255486,6221,11818,경기
113,2038-01-01,76892,107456,76602,30511,669352,640157,53135,68455,45743,27976,23954,278886,6173,12036,경기
114,2039-01-01,76390,107019,76082,30578,649965,621912,52826,66835,43613,27348,22927,304161,6127,12256,경기
115,2040-01-01,75896,106589,75571,30643,630577,603667,52522,65231,41482,26734,21900,331440,6081,12478,경기
116,2041-01-01,75410,106164,75068,30708,611190,585422,52222,63644,39351,26134,20873,360855,6037,12701,경기
117,2042-01-01,74933,105745,74574,30772,591803,567177,51928,62072,37221,25548,19845,392547,5994,12926,경기
118,2043-01-01,74463,105332,74088,30836,572415,548932,51638,60516,35090,24974,18818,426663,5952,13153,경기
119,2044-01-01,74000,104925,73610,30899,553028,530686,51352,58975,32960,24414,17791,463357,5911,13381,경기
120,2045-01-01,73546,104524,73139,30961,533641,512441,51071,57450,30829,23866,16763,502793,5871,13611,경기
121,2046-01-01,73098,104128,72677,31023,514253,494196,50794,55940,28699,23330,15736,545139,5832,13843,경기
122,2047-01-01,72658,103738,72222,31084,494866,475951,50521,54445,26568,22806,14709,590574,5794,14076,경기
123,2048-01-01,72224,103354,71774,31145,475478,457706,50253,52965,24437,22294,13682,639283,5757,14311,경기
124,2049-01-01,71798,102974,71333,31205,456091,439460,49988,51500,22307,21794,12654,691462,5721,14547,경기
125,2050-01-01,71378,102600,70900,31264,436704,421215,49728,50050,20176,21305,11627,747313,5686,14785,경기
126,2009-01-01,28226,34306,28204,6102,117792,109197,8595,28267,25766,15033,10733,2501,1405,1096,경남
127,2010-01-01,28012,34059,28073,5986,144037,132955,11082,30387,27523,15851,11672,2864,1543,1321,경남
128,2011-01-01,27765,33555,27642,5913,165528,154645,10883,30262,27398,15731,11667,2864,1536,1328,경남
129,2012-01-01,27327,31874,27325,4549,166571,155655,10916,29302,26501,15369,11132,2801,1472,1329,경남
130,2013-01-01,26437,30884,26392,4492,140060,130541,9519,28434,25904,14813,11091,2530,1321,1209,경남
131,2014-01-01,26127,30966,26071,4895,140737,131394,9343,28097,25475,14720,10755,2622,1434,1188,경남
132,2015-01-01,24479,28695,24456,4239,145886,136122,9764,26509,24198,13855,10343,2311,1202,1109,경남
133,2016-01-01,23601,27605,23665,3940,145624,136731,8893,25509,23171,13112,10059,2338,1195,1143,경남
134,2017-01-01,22904,26673,22961,3712,147529,139063,8466,24241,22128,12548,9580,2113,1069,1044,경남
135,2018-01-01,22507,26209,22553,3656,152581,143324,9257,23840,21675,12155,9520,2165,1077,1088,경남
136,2019-01-01,22304,26165,22345,3820,144079,135427,8652,23567,21396,12348,9048,2171,1103,1068,경남
137,2020-01-01,21740,25634,21774,3860,131655,122938,8717,22601,20391,11619,8772,2210,1151,1059,경남
138,2021-01-01,21080,24688,21122,3566,111010,103081,7929,20027,17985,10279,7706,2042,1058,984,경남
139,2022-01-01,20542,23934,20644,3380,112044,104248,8281,20967,18308,10459,7668,2004,1014,993,경남
140,2023-01-01,20013,23273,20156,3257,112960,105300,7783,20226,17770,10204,7272,1952,981,970,경남
141,2024-01-01,19498,22630,19679,3140,113868,106341,7899,19486,17238,9954,6895,1900,949,948,경남
142,2025-01-01,18996,22005,19213,3028,114766,107372,7401,18745,16712,9710,6539,1851,919,925,경남
143,2026-01-01,18507,21397,18759,2921,115655,108393,7517,18005,16190,9473,6200,1802,889,903,경남
144,2027-01-01,18030,20806,18315,2819,116536,109403,7019,17265,15674,9241,5879,1755,860,880,경남
145,2028-01-01,17566,20232,17882,2722,117408,110404,7135,16524,15163,9015,5575,1709,832,857,경남
146,2029-01-01,17114,19673,17459,2629,118271,111394,6637,15784,14657,8794,5287,1664,805,835,경남
147,2030-01-01,16673,19130,17046,2540,119125,112374,6753,15044,14156,8579,5013,1621,778,812,경남
148,2031-01-01,16244,18601,16643,2455,119971,113345,6255,14303,13660,8369,4754,1578,753,790,경남
149,2032-01-01,15826,18087,16249,2373,120808,114306,6371,13563,13170,8165,4508,1537,728,767,경남
150,2033-01-01,15418,17588,15865,2295,121637,115257,5873,12823,12684,7965,4275,1497,705,745,경남
151,2034-01-01,15021,17102,15489,2220,122458,116199,5989,12082,12202,7770,4053,1458,682,722,경남
152,2035-01-01,14634,16630,15123,2149,123270,117131,5491,11342,11726,7580,3844,1419,660,699,경남
153,2036-01-01,14258,16171,14765,2080,124075,118054,5607,10602,11255,7394,3645,1382,638,677,경남
154,2037-01-01,13890,15724,14416,2014,124871,118968,5109,9861,10788,7214,3456,1346,617,654,경남
155,2038-01-01,13533,15290,14075,1951,125659,119873,5225,9121,10326,7037,3277,1311,597,632,경남
156,2039-01-01,13184,14867,13742,1891,126440,120768,4727,8380,9868,6865,3108,1276,578,609,경남
157,2040-01-01,12845,14457,13417,1833,127212,121655,4843,7640,9415,6697,2947,1243,559,587,경남
158,2041-01-01,12514,14057,13099,1777,127977,122533,4345,6900,8967,6533,2794,1210,541,564,경남
159,2042-01-01,12192,13669,12789,1724,128735,123402,4461,6159,8523,6373,2650,1179,523,542,경남
160,2043-01-01,11878,13292,12487,1672,129484,124262,3963,5419,8083,6217,2513,1148,506,519,경남
161,2044-01-01,11572,12925,12191,1623,130227,125114,4079,4679,7648,6065,2383,1118,490,496,경남
162,2045-01-01,11274,12568,11903,1576,130961,125957,3581,3938,7217,5917,2259,1088,474,474,경남
163,2046-01-01,10984,12220,11621,1530,131689,126792,3697,3198,6791,5772,2142,1060,458,451,경남
164,2047-01-01,10701,11883,11347,1486,132409,127618,3199,2458,6368,5631,2032,1032,443,429,경남
165,2048-01-01,10426,11555,11078,1444,133122,128437,3315,1717,5950,5493,1926,1005,429,406,경남
166,2049-01-01,10157,11236,10816,1403,133828,129247,2817,977,5537,5359,1827,979,415,384,경남
167,2050-01-01,9896,10925,10560,1364,134526,130049,2933,237,5127,5228,1732,953,401,361,경남
168,2009-01-01,53078,63462,53114,10348,200569,185953,14616,50179,45890,24771,21119,4289,2247,2042,경북
169,2010-01-01,51332,62088,51407,10681,244707,226213,18494,52515,47362,25738,21624,5153,2555,2598,경북
170,2011-01-01,50880,60835,50782,10053,271631,252515,19116,53638,48706,26439,22267,4932,2608,2324,경북
171,2012-01-01,49312,58836,49081,9755,273594,253569,20025,51279,46180,24854,21326,5099,2516,2583,경북
172,2013-01-01,45382,54787,45480,9307,233961,217605,16356,47147,42568,22585,19983,4579,2200,2379,경북
173,2014-01-01,45218,55242,45555,9687,236476,219544,16932,47291,42317,22482,19835,4974,2211,2763,경북
174,2015-01-01,42208,51155,42318,8837,231499,215460,16039,45675,40938,21107,19831,4737,1977,2760,경북
175,2016-01-01,41020,49293,41162,8131,221355,207537,13818,44220,39692,19949,19743,4528,2116,2412,경북
176,2017-01-01,40227,48372,40344,8028,216711,202829,13882,42606,38040,19350,18690,4566,2071,2495,경북
177,2018-01-01,39018,47476,39128,8348,218086,203296,14790,42118,37076,18791,18285,5042,2275,2767,경북
178,2019-01-01,38856,47638,38844,8794,233555,218071,15484,42110,36808,18848,17960,5302,2374,2928,경북
179,2020-01-01,38681,47965,38677,9288,221012,205183,15829,42034,36702,18864,17838,5332,2500,2832,경북
180,2021-01-01,38580,47776,38470,9306,188779,172977,15802,39230,33883,17495,16388,5347,2411,2936,경북
181,2022-01-01,37746,47964,37082,9247,213496,200593,15890,39419,33525,17597,16419,5439,2437,2970,경북
182,2023-01-01,37088,48169,36009,9189,210990,198502,15724,38518,32453,17215,15482,5529,2454,3027,경북
183,2024-01-01,36447,48376,34966,9133,208484,196412,15561,37637,31392,16846,15285,5619,2471,3085,경북
184,2025-01-01,35823,48583,33954,9077,205978,194322,15402,36776,30342,16489,14375,5710,2487,3145,경북
185,2026-01-01,35217,48791,32971,9023,203472,192232,15246,35935,29302,16142,14151,5801,2503,3205,경북
186,2027-01-01,34626,49000,32016,8969,200967,190142,15093,35114,28272,15806,13267,5893,2520,3267,경북
187,2028-01-01,34052,49210,31089,8916,198461,188052,14943,34311,27253,15480,13018,5985,2536,3330,경북
188,2029-01-01,33492,49420,30189,8864,195955,185961,14795,33526,26244,15165,12160,6078,2552,3394,경북
189,2030-01-01,32947,49632,29315,8813,193449,183871,14651,32760,25245,14858,11884,6172,2568,3460,경북
190,2031-01-01,32416,49844,28466,8762,190943,181781,14510,32011,24256,14561,11052,6265,2584,3527,경북
191,2032-01-01,31899,50058,27642,8712,188437,179691,14371,31279,23277,14273,10750,6360,2600,3595,경북
192,2033-01-01,31395,50272,26842,8663,185931,177601,14236,30564,22307,13993,9945,6454,2615,3664,경북
193,2034-01-01,30904,50487,26065,8615,183425,175510,14102,29865,21348,13721,9616,6550,2631,3735,경북
194,2035-01-01,30426,50703,25310,8568,180919,173420,13972,29182,20397,13458,8838,6645,2647,3807,경북
195,2036-01-01,29959,50921,24577,8521,178414,171330,13843,28515,19457,13202,8482,6741,2662,3880,경북
196,2037-01-01,29505,51139,23866,8475,175908,169240,13718,27863,18526,12953,7730,6838,2677,3955,경북
197,2038-01-01,29061,51358,23175,8430,173402,167150,13594,27226,17604,12712,7348,6934,2693,4031,경북
198,2039-01-01,28629,51577,22504,8385,170896,165060,13473,26603,16691,12477,6623,7032,2708,4109,경북
199,2040-01-01,28207,51798,21852,8342,168390,162969,13354,25995,15788,12249,6214,7129,2723,4188,경북
200,2041-01-01,27796,52020,21220,8298,165884,160879,13238,25400,14893,12027,5515,7227,2738,4269,경북
201,2042-01-01,27395,52243,20605,8256,163378,158789,13123,24820,14008,11812,5080,7325,2753,4352,경북
202,2043-01-01,27003,52466,20009,8214,160872,156699,13011,24252,13131,11602,4408,7424,2768,4435,경북
203,2044-01-01,26621,52691,19429,8172,158367,154609,12901,23698,12263,11398,3946,7523,2782,4521,경북
204,2045-01-01,26248,52917,18867,8132,155861,152518,12793,23156,11404,11200,3300,7622,2797,4608,경북
205,2046-01-01,25884,53143,18321,8092,153355,150428,12687,22626,10554,11007,2812,7722,2811,4697,경북
206,2047-01-01,25528,53371,17790,8052,150849,148338,12582,22109,9711,10820,2193,7821,2826,4788,경북
207,2048-01-01,25181,53599,17275,8013,148343,146248,12480,21603,8878,10637,1678,7921,2840,4880,경북
208,2049-01-01,24842,53829,16775,7975,145837,144158,12379,21110,8052,10460,1085,8022,2854,4974,경북
209,2050-01-01,24511,54059,16289,7937,143331,142067,12281,20627,7235,10287,544,8122,2868,5070,경북
210,2009-01-01,24141,29190,24281,4909,89508,82344,7164,25763,23221,11496,11725,2542,1143,1399,광주
211,2010-01-01,24315,29259,24293,4966,112382,102190,10192,27062,23892,11831,12061,3170,1432,1738,광주
212,2011-01-01,24252,28283,24234,4049,121734,111357,10377,26874,23889,11782,12107,2985,1358,1627,광주
213,2012-01-01,22762,26327,22778,3549,117024,106679,10345,25421,22552,11344,11208,2869,1388,1481,광주
214,2013-01-01,22436,26144,22464,3680,103155,93278,9877,24829,22223,11053,11170,2606,1159,1447,광주
215,2014-01-01,22216,26323,22216,4107,115967,106369,9598,24887,22064,11067,10997,2823,1349,1474,광주
216,2015-01-01,20930,24874,20920,3954,123106,113531,9575,23499,20874,10354,10520,2625,1239,1386,광주
217,2016-01-01,20459,24797,20527,4270,127750,118493,9257,23071,20450,9982,10468,2621,1183,1438,광주
218,2017-01-01,20262,24475,20296,4179,125094,116548,8546,22803,20195,9971,10224,2608,1208,1400,광주
219,2018-01-01,20232,24266,20247,4019,127925,118086,9839,22916,20152,9879,10273,2764,1303,1461,광주
220,2019-01-01,20200,23828,20218,3610,128506,119438,9068,22824,20137,10065,10072,2687,1245,1442,광주
221,2020-01-01,20051,24303,20078,4225,128520,119162,9358,22709,19890,9884,10006,2819,1266,1553,광주
222,2021-01-01,19850,23230,19889,3341,116836,107821,9015,21487,18961,9525,9436,2526,1129,1397,광주
223,2022-01-01,19701,24653,19733,3591,125562,118391,9430,21311,18768,10713,9471,2599,1255,1415,광주
224,2023-01-01,19548,24437,19577,3524,121932,116032,8901,20933,18415,10625,9204,2579,1137,1405,광주
225,2024-01-01,19397,24225,19424,3457,123541,118185,9415,20562,18069,10538,9094,2559,1237,1395,광주
226,2025-01-01,19249,24017,19274,3391,119911,115826,8887,20197,17730,10453,8827,2539,1119,1386,광주
227,2026-01-01,19104,23812,19127,3324,121520,117979,9400,19839,17397,10370,8717,2519,1218,1376,광주
228,2027-01-01,18961,23612,18982,3257,117891,115620,8872,19487,17070,10288,8450,2500,1100,1367,광주
229,2028-01-01,18821,23415,18839,3190,119500,117773,9385,19141,16749,10207,8341,2481,1200,1357,광주
230,2029-01-01,18683,23221,18700,3123,115870,115414,8857,18802,16434,10128,8074,2462,1082,1348,광주
231,2030-01-01,18547,23031,18562,3056,117479,117567,9370,18468,16126,10050,7964,2443,1181,1338,광주
232,2031-01-01,18414,22845,18427,2990,113849,115208,8842,18140,15823,9973,7697,2424,1063,1329,광주
233,2032-01-01,18283,22662,18294,2923,115458,117361,9355,17818,15525,9898,7587,2405,1163,1320,광주
234,2033-01-01,18154,22482,18164,2856,111828,115002,8827,17502,15234,9825,7320,2386,1045,1311,광주
235,2034-01-01,18028,22306,18035,2789,113437,117155,9341,17192,14947,9752,7210,2368,1144,1302,광주
236,2035-01-01,17904,22132,17909,2722,109807,114796,8812,16887,14667,9681,6943,2350,1026,1293,광주
237,2036-01-01,17781,21962,17785,2655,111416,116949,9326,16587,14391,9611,6834,2332,1126,1284,광주
238,2037-01-01,17661,21794,17663,2588,107786,114590,8797,16293,14121,9542,6567,2314,1008,1275,광주
239,2038-01-01,17543,21630,17543,2522,109395,116743,9311,16004,13855,9474,6457,2296,1107,1266,광주
240,2039-01-01,17427,21468,17426,2455,105765,114384,8782,15720,13595,9408,6190,2278,989,1257,광주
241,2040-01-01,17312,21309,17310,2388,107374,116537,9296,15441,13340,9342,6080,2260,1089,1249,광주
242,2041-01-01,17200,21153,17196,2321,103744,114178,8767,15167,13089,9278,5813,2243,971,1240,광주
243,2042-01-01,17089,21000,17084,2254,105353,116331,9281,14898,12843,9215,5703,2226,1070,1231,광주
244,2043-01-01,16980,20849,16973,2187,101723,113972,8752,14634,12602,9153,5437,2209,952,1223,광주
245,2044-01-01,16873,20701,16865,2120,103332,116125,9266,14374,12365,9092,5327,2191,1052,1214,광주
246,2045-01-01,16768,20556,16758,2054,99702,113766,8737,14119,12133,9032,5060,2175,934,1206,광주
247,2046-01-01,16664,20412,16653,1987,101311,115919,9251,13869,11905,8972,4950,2158,1033,1198,광주
248,2047-01-01,16562,20272,16550,1920,97681,113560,8722,13623,11681,8914,4683,2141,915,1189,광주
249,2048-01-01,16462,20133,16448,1853,99290,115713,9236,13381,11462,8857,4573,2125,1015,1181,광주
250,2049-01-01,16363,19997,16348,1786,95660,113354,8708,13144,11246,8801,4306,2108,897,1173,광주
251,2050-01-01,16266,19863,16250,1719,97269,115507,9221,12910,11035,8746,4196,2092,996,1165,광주
252,2009-01-01,27355,34063,26608,7455,149917,138308,11609,30118,26111,13754,12357,4007,2143,1864,대구
253,2010-01-01,26871,33983,26907,7076,177736,162261,15475,31180,26514,13812,12702,4666,2413,2253,대구
254,2011-01-01,27182,33942,27219,6723,201681,184232,17449,31676,27087,13769,13318,4589,2530,2059,대구
255,2012-01-01,26913,34694,26924,7770,217211,199377,17834,31183,26717,13502,13215,4466,2415,2051,대구
256,2013-01-01,27313,34728,27335,7393,214346,198791,15555,31234,27109,14141,12968,4125,2080,2045,대구
257,2014-01-01,26902,34082,26902,7180,200715,186300,14415,30733,26634,13745,12889,4099,1977,2122,대구
258,2015-01-01,26348,33184,26361,6823,223604,207861,15743,29989,26112,13303,12809,3877,1951,1926,대구
259,2016-01-01,25653,32337,25675,6662,212556,197114,15442,29377,25448,12700,12748,3929,2030,1899,대구
260,2017-01-01,25084,31111,25134,5977,219492,203939,15553,28899,24817,12572,12245,4082,2025,2057,대구
261,2018-01-01,24806,30515,24819,5696,216171,199785,16386,28493,24464,12442,12022,4029,2039,1990,대구
262,2019-01-01,24651,30678,24681,5997,213722,198653,15069,28676,24362,12407,11955,4314,2159,2155,대구
263,2020-01-01,24537,32096,24552,7544,205193,188376,16817,28264,23699,12050,11649,4565,2101,2464,대구
264,2021-01-01,24307,31664,24328,7336,176568,159446,17122,26492,22385,11437,10948,4107,1765,2342,대구
265,2022-01-01,24068,31724,24049,7342,179664,156474,17908,26340,21433,11149,10814,7908,1786,2458,대구
266,2023-01-01,23833,31783,23775,7347,181806,150624,16963,25725,20578,11037,10424,8049,1718,2499,대구
267,2024-01-01,23600,31840,23504,7353,183926,144831,18696,24931,19831,10716,10077,8176,1733,2540,대구
268,2025-01-01,23369,31897,23236,7358,186026,139097,17694,24316,19178,10604,9688,8291,1665,2582,대구
269,2026-01-01,23140,31954,22971,7363,188104,133420,19485,23523,18607,10283,9340,8393,1679,2624,대구
270,2027-01-01,22914,32010,22709,7368,190161,127800,18425,22908,18109,10172,8953,8485,1611,2667,대구
271,2028-01-01,22689,32066,22450,7373,192198,122236,20273,22114,17673,9851,8603,8567,1626,2711,대구
272,2029-01-01,22468,32121,22194,7378,194215,116728,19155,21499,17292,9739,8217,8640,1558,2755,대구
273,2030-01-01,22248,32176,21941,7383,196211,111275,21062,20706,16959,9418,7866,8706,1572,2799,대구
274,2031-01-01,22031,32230,21690,7388,198188,105876,19886,20090,16668,9306,7482,8764,1504,2844,대구
275,2032-01-01,21815,32284,21443,7393,200145,100532,21850,19297,16414,8985,7129,8816,1519,2889,대구
276,2033-01-01,21602,32338,21199,7398,202082,95241,20617,18682,16192,8874,6746,8862,1451,2935,대구
277,2034-01-01,21391,32391,20957,7403,203999,90002,22638,17889,15997,8553,6392,8903,1465,2981,대구
278,2035-01-01,21182,32443,20718,7407,205898,84816,21348,17273,15828,8441,6011,8940,1398,3028,대구
279,2036-01-01,20976,32495,20481,7412,207778,79682,23427,16480,15679,8120,5655,8972,1412,3075,대구
280,2037-01-01,20771,32547,20248,7417,209638,74600,22078,15865,15550,8008,5276,9001,1344,3123,대구
281,2038-01-01,20568,32598,20017,7421,211481,69568,24215,15071,15436,7688,4918,9027,1359,3171,대구
282,2039-01-01,20368,32649,19789,7426,213304,64586,22809,14456,15337,7576,4540,9049,1291,3220,대구
283,2040-01-01,20169,32699,19563,7431,215110,59654,25004,13663,15251,7255,4181,9069,1305,3269,대구
284,2041-01-01,19972,32749,19340,7435,216897,54772,23540,13048,15175,7143,3805,9087,1237,3319,대구
285,2042-01-01,19778,32799,19119,7440,218667,49938,25792,12254,15109,6822,3444,9103,1252,3369,대구
286,2043-01-01,19585,32848,18901,7444,220419,45153,24271,11639,15051,6710,3069,9117,1184,3420,대구
287,2044-01-01,19394,32896,18686,7448,222153,40416,26580,10846,15001,6390,2707,9130,1198,3471,대구
288,2045-01-01,19205,32945,18472,7453,223870,35726,25001,10230,14957,6278,2334,9141,1130,3523,대구
289,2046-01-01,19018,32993,18262,7457,225570,31083,27369,9437,14918,5957,1970,9150,1145,3575,대구
290,2047-01-01,18833,33040,18054,7461,227253,26486,25732,8822,14884,5845,1598,9159,1077,3628,대구
291,2048-01-01,18650,33087,17848,7465,228919,21935,28157,8029,14855,5524,1233,9167,1091,3681,대구
292,2049-01-01,18468,33134,17644,7470,230568,17430,26463,7413,14829,5412,863,9174,1024,3735,대구
293,2050-01-01,18289,33180,17443,7474,232201,12970,28946,6620,14807,5092,496,9180,1038,3789,대구
294,2009-01-01,29161,32513,29159,3354,152366,143355,9011,31112,28472,16044,12428,2640,1432,1208,대전
295,2010-01-01,28073,33046,29074,3972,179164,167783,11381,31692,28916,15791,13125,2776,1405,1371,대전
296,2011-01-01,28290,33847,29278,4569,210178,197629,12549,31892,29109,15747,13362,2783,1466,1317,대전
297,2012-01-01,29972,34179,29988,4191,193333,179916,13417,31952,29233,16220,13013,2719,1428,1291,대전
298,2013-01-01,29877,34036,29736,4300,175500,165701,9799,31339,28974,15770,13204,2365,1164,1201,대전
299,2014-01-01,29653,33759,29653,4106,178852,168496,10356,31560,29111,15782,13329,2449,1245,1204,대전
300,2015-01-01,29017,32987,28839,4148,182802,173853,8949,30753,28445,15126,13319,2308,1102,1206,대전
301,2016-01-01,28185,32496,27978,4518,184632,175703,8929,30141,27761,14476,13285,2380,1131,1249,대전
302,2017-01-01,27707,32529,27512,5017,186528,177669,8859,29287,26981,14088,12893,2306,1145,1161,대전
303,2018-01-01,27728,32877,27520,5357,186976,177311,9665,29527,26850,13910,12940,2677,1319,1358,대전
304,2019-01-01,27492,34932,27263,7669,202554,192133,10421,29751,26965,13939,13026,2786,1372,1414,대전
305,2020-01-01,27272,34531,27054,7477,189901,179625,10276,28686,25989,13541,12448,2697,1309,1388,대전
306,2021-01-01,26710,34121,26620,7501,157464,147580,9884,26051,23376,12350,11026,2675,1354,1321,대전
307,2022-01-01,26602,34586,26429,8056,174362,162414,9982,25651,22330,12209,9891,2709,1362,1431,대전
308,2023-01-01,26296,35049,26239,8585,173096,158835,9879,25159,21319,11839,8983,2738,1372,1448,대전
309,2024-01-01,26100,35514,26050,9143,165465,151241,9778,24666,20354,11366,8257,2768,1380,1466,대전
310,2025-01-01,25794,35979,25862,9732,164031,147661,9679,24174,19433,10996,7676,2797,1386,1484,대전
311,2026-01-01,25598,36446,25676,10352,156567,140067,9582,23682,18553,10523,7211,2827,1391,1502,대전
312,2027-01-01,25292,36915,25491,11005,154967,136488,9486,23189,17713,10153,6839,2856,1395,1520,대전
313,2028-01-01,25097,37385,25307,11691,147670,128894,9393,22697,16911,9680,6542,2886,1399,1538,대전
314,2029-01-01,24790,37855,25125,12413,145903,125314,9302,22205,16146,9310,6304,2915,1402,1557,대전
315,2030-01-01,24595,38328,24944,13172,138772,117720,9212,21713,15415,8837,6114,2945,1404,1575,대전
316,2031-01-01,24288,38801,24764,13969,136839,114141,9124,21220,14717,8467,5961,2974,1406,1594,대전
317,2032-01-01,24093,39275,24586,14805,129875,106547,9038,20728,14051,7994,5840,3004,1407,1613,대전
318,2033-01-01,23786,39750,24409,15682,127775,102967,8954,20236,13415,7624,5742,3034,1408,1632,대전
319,2034-01-01,23591,40226,24233,16602,120977,95373,8871,19744,12808,7151,5664,3063,1409,1651,대전
320,2035-01-01,23285,40703,24059,17565,118711,91794,8790,19251,12228,6781,5602,3093,1410,1670,대전
321,2036-01-01,23089,41180,23885,18574,112080,84199,8710,18759,11675,6308,5552,3122,1411,1689,대전
322,2037-01-01,22783,41659,23713,19630,109647,80620,8632,18267,11146,5938,5512,3152,1411,1708,대전
323,2038-01-01,22587,42138,23542,20735,103182,73026,8555,17775,10642,5465,5480,3181,1412,1728,대전
324,2039-01-01,22281,42617,23373,21890,100583,69447,8480,17282,10160,5095,5454,3211,1412,1748,대전
325,2040-01-01,22086,43098,23205,23096,94285,61852,8406,16790,9700,4622,5434,3240,1412,1767,대전
326,2041-01-01,21779,43579,23037,24356,91519,58273,8333,16298,9261,4251,5418,3269,1412,1787,대전
327,2042-01-01,21584,44060,22871,25672,85387,50679,8262,15805,8842,3778,5405,3299,1413,1807,대전
328,2043-01-01,21277,44542,22707,27043,82454,47099,8192,15313,8441,3408,5394,3328,1413,1827,대전
329,2044-01-01,21082,45024,22543,28474,76490,39505,8124,14821,8059,2935,5386,3357,1413,1848,대전
330,2045-01-01,20775,45506,22381,29965,73390,35926,8056,14329,7694,2565,5379,3387,1413,1868,대전
331,2046-01-01,20580,45989,22220,31517,67592,28332,7990,13836,7346,2092,5374,3416,1413,1888,대전
332,2047-01-01,20274,46472,22060,33134,64326,24752,7925,13344,7014,1722,5369,3445,1413,1909,대전
333,2048-01-01,20078,46955,21901,34815,58695,17158,7862,12852,6696,1249,5366,3474,1413,1930,대전
334,2049-01-01,19772,47438,21743,36565,55262,13579,7799,12360,6393,879,5363,3503,1413,1951,대전
335,2050-01-01,19576,47921,21586,38383,49797,5985,7737,11867,6104,406,5361,3532,1413,1971,대전
336,2009-01-01,52532,63182,52087,11095,258112,234757,23355,54600,49306,25748,23558,5294,2803,2491,부산
337,2010-01-01,52401,64784,52255,12529,305789,279696,26093,56523,50718,25944,24774,5805,3179,2626,부산
338,2011-01-01,52057,63550,52034,11516,354278,329311,24967,57118,51576,26149,25427,5542,3097,2445,부산
339,2012-01-01,51038,61947,51022,10925,369166,342177,26989,55755,50415,26022,24393,5340,2915,2425,부산
340,2013-01-01,49629,58538,49523,9015,332878,311728,21150,53983,49231,25277,23954,4752,2445,2307,부산
341,2014-01-01,49653,58826,49629,9197,332986,313169,19817,53890,49125,25122,24003,4765,2388,2377,부산
342,2015-01-01,47540,55478,47527,7951,346636,325852,20784,51464,47092,24048,23044,4372,2156,2216,부산
343,2016-01-01,46074,55005,46107,8898,345975,327544,18431,50098,45667,22758,22909,4431,2080,2351,부산
344,2017-01-01,45086,53050,45062,7988,349786,330861,18925,48227,43886,21936,21950,4341,2084,2257,부산
345,2018-01-01,44354,54099,44382,9717,366618,345602,21016,48335,43462,21716,21746,4873,2310,2563,부산
346,2019-01-01,44210,54565,44218,10347,372502,350525,21977,47962,42905,21557,21348,5057,2467,2590,부산
347,2020-01-01,43804,54952,43543,11409,354921,332876,22045,45699,40683,20381,20302,5016,2312,2704,부산
348,2021-01-01,42350,55438,42389,13049,292850,272141,20709,42237,37406,18763,18643,4831,2201,2630,부산
349,2022-01-01,41525,54764,41698,14519,299372,271090,188621,43763,36170,18203,18711,4814,2148,2679,부산
350,2023-01-01,40664,54268,40865,16334,305491,269788,215496,42716,34924,17609,18276,4787,2081,2711,부산
351,2024-01-01,39812,53782,40041,18354,311548,268513,245873,41669,33679,17025,17842,4760,2016,2742,부산
352,2025-01-01,38968,53304,39225,20599,317545,267265,280161,40622,32434,16452,17408,4733,1949,2773,부산
353,2026-01-01,38132,52836,38417,23090,323482,266043,318815,39575,31188,15888,16973,4707,1884,2805,부산
354,2027-01-01,37305,52377,37617,25852,329359,264847,362334,38528,29943,15333,16539,4682,1817,2836,부산
355,2028-01-01,36486,51926,36826,28909,335178,263677,411266,37481,28698,14788,16105,4656,1752,2868,부산
356,2029-01-01,35675,51483,36042,32291,340939,262531,466215,36434,27452,14253,15670,4631,1684,2899,부산
357,2030-01-01,34873,51048,35266,36027,346642,261409,527843,35387,26207,13726,15236,4607,1620,2931,부산
358,2031-01-01,34078,50622,34498,40148,352288,260311,596877,34340,24962,13208,14801,4582,1552,2962,부산
359,2032-01-01,33292,50203,33737,44691,357877,259236,674110,33293,23716,12699,14367,4559,1488,2994,부산
360,2033-01-01,32513,49792,32984,49692,363411,258184,760411,32246,22471,12199,13933,4535,1420,3025,부산
361,2034-01-01,31742,49388,32239,55191,368889,257154,856727,31199,21225,11707,13498,4512,1355,3057,부산
362,2035-01-01,30979,48991,31501,61232,374312,256146,964093,30152,19980,11223,13064,4489,1288,3088,부산
363,2036-01-01,30223,48602,30770,67860,379681,255159,1083634,29105,18735,10748,12629,4467,1223,3120,부산
364,2037-01-01,29475,48219,30047,75124,384997,254192,1216574,28058,17489,10280,12195,4445,1156,3152,부산
365,2038-01-01,28735,47844,29331,83078,390259,253247,1364244,27011,16244,9821,11761,4423,1091,3183,부산
366,2039-01-01,28002,47475,28622,91778,395469,252321,1528086,25964,14999,9369,11326,4401,1024,3215,부산
367,2040-01-01,27276,47112,27920,101283,400627,251415,1709666,24917,13753,8925,10892,4380,959,3246,부산
368,2041-01-01,26557,46756,27226,111657,405733,250527,1910675,23870,12508,8489,10458,4359,892,3278,부산
369,2042-01-01,25846,46406,26538,122968,410788,249659,2132946,22823,11263,8060,10023,4339,827,3310,부산
370,2043-01-01,25141,46062,25857,135289,415792,248809,2378454,21776,10017,7638,9589,4319,760,3341,부산
371,2044-01-01,24444,45724,25183,148696,420747,247977,2649333,20728,8772,7223,9154,4299,695,3373,부산
372,2045-01-01,23754,45392,24515,163270,425652,247162,2947882,19681,7527,6815,8720,4279,628,3404,부산
373,2046-01-01,23071,45065,23855,179097,430507,246365,3276572,18634,6281,6415,8286,4260,563,3436,부산
374,2047-01-01,22394,44745,23201,196268,435315,245584,3638064,17587,5036,6021,7851,4241,495,3467,부산
375,2048-01-01,21724,44429,22553,214880,440074,244820,4035213,16540,3790,5633,7417,4222,431,3499,부산
376,2049-01-01,21061,44119,21912,235034,444785,244072,4471081,15493,2545,5253,6982,4203,363,3530,부산
377,2050-01-01,20405,43814,21277,256838,449450,243340,4948952,14446,1300,4878,6548,4185,299,3561,부산
378,2009-01-01,167447,190225,164530,25695,1284077,1215783,68294,153487,138402,59198,79204,15085,7058,8027,서울
379,2010-01-01,169473,201113,169057,32056,1437931,1358158,79773,154201,136596,56927,79669,17605,8184,9421,서울
380,2011-01-01,170034,204187,170422,33765,1677518,1591530,85988,154161,137404,57868,79536,16757,7928,8829,서울
381,2012-01-01,172990,210184,173683,36501,1766207,1677826,88381,154486,136072,58908,77164,18414,8893,9521,서울
382,2013-01-01,163847,195671,163092,32579,1384653,1321747,62906,143394,127883,54641,73242,15511,7201,8310,서울
383,2014-01-01,174598,215959,174786,41173,1384601,1312975,71626,151516,133081,56411,76670,18435,8692,9743,서울
384,2015-01-01,173925,215761,173951,41810,1445691,1371382,74309,148114,129461,53935,75526,18653,8507,10146,서울
385,2016-01-01,172729,217405,173200,44205,1452978,1379785,73193,146297,125888,52160,73728,20409,9042,11367,서울
386,2017-01-01,172001,217246,171139,46107,1406800,1330059,76741,142312,122292,50407,71885,20020,8936,11084,서울
387,2018-01-01,169172,216443,169536,46907,1402849,1320177,82672,142529,121848,50004,71844,20681,9047,11634,서울
388,2019-01-01,166475,209425,166807,42618,1394472,1310410,84062,140885,119997,50274,69723,20888,9198,11690,서울
389,2020-01-01,166026,223489,165128,58361,1323049,1233208,89841,141957,118402,49802,68600,23555,10739,12816,서울
390,2021-01-01,166218,228886,166547,62339,1201961,1111176,90785,144612,120094,51431,68663,24518,11208,13310,서울
391,2022-01-01,166045,230941,167428,65010,1399162,1322052,89657,138513,116274,455734,67400,24753,11355,13767,서울
392,2023-01-01,162702,224894,161649,69764,1391688,1314513,90501,137303,114599,527822,66419,25634,11686,14328,서울
393,2024-01-01,163411,235987,164921,74814,1384213,1306973,91345,136105,112941,611311,65438,26546,12023,14912,서울
394,2025-01-01,160068,229755,159142,80173,1376739,1299434,92188,134919,111300,708007,64457,27491,12367,15519,서울
395,2026-01-01,160777,241033,162414,85857,1369264,1291894,93031,133744,109674,819999,63477,28469,12716,16152,서울
396,2027-01-01,157434,234615,156635,91880,1361790,1284355,93872,132582,108065,949704,62496,29483,13072,16810,서울
397,2028-01-01,158143,246079,159907,98259,1354315,1276815,94713,131431,106473,1099926,61515,30532,13434,17495,서울
398,2029-01-01,154800,239476,154128,105011,1346841,1269276,95552,130292,104896,1273911,60534,31619,13803,18207,서울
399,2030-01-01,155509,251125,157400,112152,1339366,1261737,96391,129164,103335,1475415,59554,32744,14177,18949,서울
400,2031-01-01,152166,244337,151621,119701,1331892,1254197,97228,128047,101789,1708793,58573,33909,14558,19721,서울
401,2032-01-01,152875,256171,154893,127673,1324417,1246658,98065,126942,100259,1979087,57592,35116,14945,20525,서울
402,2033-01-01,149532,249197,149114,136090,1316943,1239118,98899,125847,98744,2292134,56612,36366,15339,21361,서울
403,2034-01-01,150241,261217,152386,144968,1309468,1231579,99733,124764,97245,2654699,55631,37660,15739,22232,서울
404,2035-01-01,146898,254058,146606,154328,1301994,1224039,100565,123691,95760,3074614,54650,39001,16145,23137,서울
405,2036-01-01,147607,266263,149878,164189,1294519,1216500,101396,122629,94290,3560950,53669,40389,16557,24080,서울
406,2037-01-01,144264,258919,144099,174573,1287045,1208960,102225,121578,92835,4124214,52689,41826,16975,25061,서울
407,2038-01-01,144973,271309,147371,185499,1279570,1201421,103053,120537,91395,4776573,51708,43315,17400,26082,서울
408,2039-01-01,141630,263779,141592,196990,1272096,1193882,103878,119507,89968,5532121,50727,44856,17831,27145,서울
409,2040-01-01,142339,276355,144864,209067,1264621,1186342,104703,118487,88557,6407180,49746,46453,18268,28251,서울
410,2041-01-01,138996,268640,139085,221752,1257147,1178803,105525,117477,87159,7420655,48766,48106,18711,29402,서울
411,2042-01-01,139705,281400,142357,235068,1249672,1171263,106345,116477,85775,8594438,47785,49818,19161,30600,서울
412,2043-01-01,136362,273501,136578,249039,1242197,1163724,107164,115488,84405,9953888,46804,51591,19616,31847,서울
413,2044-01-01,137071,286446,139850,263688,1234723,1156184,107980,114508,83049,11528373,45824,53427,20078,33145,서울
414,2045-01-01,133728,278361,134071,279039,1227248,1148645,108795,113538,81706,13351906,44843,55329,20546,34495,서울
415,2046-01-01,134437,291492,137343,295116,1219774,1141106,109607,112577,80377,15463882,43862,57298,21020,35901,서울
416,2047-01-01,131094,283222,131564,311945,1212299,1133566,110418,111626,79061,17909926,42881,59337,21500,37363,서울
417,2048-01-01,131803,296538,134836,329551,1204825,1126027,111226,110685,77758,20742880,41901,61449,21985,38886,서울
418,2049-01-01,128460,288083,129056,347960,1197350,1118487,112032,109753,76469,24023945,40920,63636,22477,40470,서울
419,2050-01-01,129169,301584,132328,367197,1189876,1110948,112835,108831,75192,27824002,39939,65901,22975,42119,서울
420,2009-01-01,4627,6064,4586,1478,29254,27135,2119,5051,4446,2640,1806,605,297,308,세종
421,2010-01-01,4547,5933,4569,1364,30570,28350,2220,5087,4430,2565,1865,657,298,359,세종
422,2011-01-01,4547,5648,4579,1069,33128,30754,2374,5129,4502,2668,1834,627,280,347,세종
423,2012-01-01,4520,5468,4537,931,38044,35831,2213,4863,4386,2500,1886,477,260,217,세종
424,2013-01-01,4386,5255,4420,835,29086,27509,1577,4826,4348,2485,1863,478,247,231,세종
425,2014-01-01,4380,5180,4380,800,27924,26704,1220,4699,4287,2442,1845,412,222,190,세종
426,2015-01-01,4235,4866,4262,604,31770,30558,1212,4530,4152,2265,1887,378,207,171,세종
427,2016-01-01,4121,4947,4164,783,28886,27611,1275,4580,4101,2220,1881,479,247,232,세종
428,2017-01-01,4020,4859,4064,795,32260,31007,1253,4460,3993,2128,1865,467,248,219,세종
429,2018-01-01,3861,4706,3891,815,33887,32467,1420,4345,3832,2001,1831,513,260,253,세종
430,2019-01-01,3861,4794,3891,903,35637,34124,1513,4422,3852,1943,1909,570,294,276,세종
431,2020-01-01,3826,4745,3848,897,32822,31454,1368,4296,3769,2004,1765,527,271,256,세종
432,2021-01-01,3900,4884,3911,973,26445,25324,1121,4125,3673,2051,1622,452,227,225,세종
433,2022-01-01,3916,4854,3889,1013,32037,31339,1078,4130,3632,1993,1604,439,221,569,세종
434,2023-01-01,3933,4894,3869,1060,32101,31518,1036,4060,3560,1967,1525,426,215,571,세종
435,2024-01-01,3950,4934,3849,1106,32165,31695,996,3992,3488,1941,1450,413,209,573,세종
436,2025-01-01,3966,4972,3829,1153,32228,31870,958,3924,3416,1915,1379,401,203,574,세종
437,2026-01-01,3983,5008,3810,1200,32290,32043,922,3858,3344,1890,1311,388,197,575,세종
438,2027-01-01,3998,5044,3791,1246,32352,32214,888,3793,3272,1866,1247,375,192,576,세종
439,2028-01-01,4014,5078,3772,1293,32413,32384,855,3729,3200,1842,1185,362,186,577,세종
440,2029-01-01,4029,5112,3753,1340,32474,32552,824,3666,3128,1819,1127,350,180,577,세종
441,2030-01-01,4044,5144,3735,1387,32534,32718,794,3604,3056,1796,1072,337,174,578,세종
442,2031-01-01,4059,5176,3717,1433,32593,32883,766,3543,2984,1773,1019,324,168,578,세종
443,2032-01-01,4073,5206,3699,1480,32652,33046,739,3483,2912,1752,969,311,162,579,세종
444,2033-01-01,4087,5236,3681,1527,32710,33208,713,3424,2840,1730,921,299,157,579,세종
445,2034-01-01,4101,5264,3664,1573,32767,33368,688,3366,2768,1710,876,286,151,579,세종
446,2035-01-01,4115,5292,3647,1620,32824,33526,665,3309,2696,1689,833,273,145,579,세종
447,2036-01-01,4128,5318,3630,1667,32881,33682,642,3254,2624,1669,792,260,139,579,세종
448,2037-01-01,4141,5344,3614,1713,32937,33838,620,3199,2552,1650,753,248,133,579,세종
449,2038-01-01,4154,5369,3597,1760,32992,33991,600,3145,2480,1631,716,235,127,580,세종
450,2039-01-01,4166,5393,3581,1807,33047,34143,580,3091,2408,1612,681,222,122,580,세종
451,2040-01-01,4178,5417,3566,1853,33101,34294,561,3039,2336,1594,647,209,116,580,세종
452,2041-01-01,4190,5439,3550,1900,33154,34443,543,2988,2264,1576,615,197,110,580,세종
453,2042-01-01,4202,5461,3535,1947,33208,34590,525,2937,2192,1558,585,184,104,580,세종
454,2043-01-01,4214,5482,3519,1993,33260,34736,508,2888,2120,1541,556,171,98,580,세종
455,2044-01-01,4225,5502,3504,2040,33312,34881,492,2839,2048,1525,529,158,92,580,세종
456,2045-01-01,4236,5522,3490,2087,33364,35024,477,2791,1976,1508,503,146,87,580,세종
457,2046-01-01,4247,5541,3475,2133,33415,35165,462,2744,1904,1492,478,133,81,580,세종
458,2047-01-01,4257,5559,3461,2180,33465,35306,448,2698,1832,1476,455,120,75,580,세종
459,2048-01-01,4268,5577,3447,2227,33515,35444,435,2652,1760,1461,432,107,69,580,세종
460,2049-01-01,4278,5594,3433,2274,33565,35582,422,2607,1688,1446,411,95,63,580,세종
461,2050-01-01,4288,5610,3419,2320,33614,35718,409,2563,1616,1431,391,82,57,580,세종
462,2009-01-01,6965,8533,6993,1540,31985,30405,1580,7734,6912,4092,2820,822,462,360,울산
463,2010-01-01,7165,8649,7184,1465,39064,35656,3408,7968,7115,4246,2869,853,464,389,울산
464,2011-01-01,7019,8355,7036,1319,42573,39571,3002,7898,7018,4022,2996,880,488,392,울산
465,2012-01-01,7015,8330,7025,1305,49039,45950,3089,7950,7010,4109,2901,940,513,427,울산
466,2013-01-01,6675,8002,6680,1322,42386,39919,2467,7576,6677,3865,2812,899,499,400,울산
467,2014-01-01,6622,7899,6622,1277,40954,38306,2648,7438,6615,3834,2781,823,438,385,울산
468,2015-01-01,6449,7715,6452,1263,40626,38028,2598,7257,6445,3732,2713,812,459,353,울산
469,2016-01-01,5951,7070,5958,1112,39570,37420,2150,6704,5960,3328,2632,744,376,368,울산
470,2017-01-01,5875,7594,5880,1714,39412,36616,2796,6648,5882,3304,2578,766,368,398,울산
471,2018-01-01,5870,7670,5877,1793,37913,34920,2993,6701,5863,3351,2512,838,420,418,울산
472,2019-01-01,5860,7794,5863,1931,40500,37548,2952,6798,5859,3254,2605,939,516,423,울산
473,2020-01-01,5830,7953,5840,2113,40144,36819,3325,6829,5770,3325,2445,1059,577,482,울산
474,2021-01-01,5810,7385,5819,1566,37198,33877,3321,6498,5508,3238,2270,990,511,479,울산
475,2022-01-01,6160,7516,6074,1767,36975,38159,3500,7282,5516,3290,2206,1007,516,502,울산
476,2023-01-01,6101,7495,6015,1803,36447,38218,3573,7223,5402,3243,2181,1025,520,498,울산
477,2024-01-01,6043,7473,5956,1840,35420,38276,3647,7165,5291,3198,2117,1044,523,522,울산
478,2025-01-01,5987,7452,5900,1877,34892,38333,3722,7107,5182,3154,2092,1062,526,518,울산
479,2026-01-01,5931,7431,5844,1915,33865,38390,3797,7051,5075,3110,2029,1081,528,542,울산
480,2027-01-01,5877,7410,5789,1953,33338,38446,3873,6996,4970,3068,2004,1100,530,538,울산
481,2028-01-01,5823,7390,5735,1991,32311,38501,3950,6942,4868,3027,1940,1119,531,562,울산
482,2029-01-01,5771,7370,5682,2030,31783,38556,4027,6889,4767,2987,1915,1138,532,558,울산
483,2030-01-01,5719,7350,5631,2069,30756,38611,4105,6836,4669,2948,1852,1158,533,582,울산
484,2031-01-01,5669,7330,5580,2108,30228,38665,4184,6785,4573,2909,1827,1178,534,578,울산
485,2032-01-01,5619,7311,5530,2148,29201,38718,4264,6734,4479,2872,1763,1198,535,601,울산
486,2033-01-01,5571,7292,5481,2188,28673,38771,4344,6685,4386,2835,1738,1219,535,597,울산
487,2034-01-01,5523,7273,5433,2228,27647,38824,4425,6636,4296,2799,1675,1239,535,621,울산
488,2035-01-01,5476,7254,5386,2269,27119,38876,4507,6588,4207,2764,1649,1260,536,617,울산
489,2036-01-01,5430,7236,5340,2310,26092,38927,4589,6541,4121,2730,1586,1281,536,641,울산
490,2037-01-01,5385,7217,5295,2351,25564,38978,4672,6494,4036,2696,1561,1303,536,637,울산
491,2038-01-01,5341,7199,5250,2393,24537,39028,4756,6449,3952,2664,1497,1324,536,661,울산
492,2039-01-01,5297,7182,5207,2435,24009,39078,4840,6404,3871,2632,1472,1346,536,657,울산
493,2040-01-01,5255,7164,5164,2477,22982,39127,4925,6360,3791,2600,1409,1368,537,681,울산
494,2041-01-01,5213,7147,5122,2520,22454,39176,5010,6317,3713,2570,1384,1391,537,677,울산
495,2042-01-01,5171,7130,5080,2563,21428,39224,5096,6274,3636,2540,1320,1413,537,701,울산
496,2043-01-01,5131,7113,5040,2606,20900,39272,5183,6232,3561,2510,1295,1436,537,697,울산
497,2044-01-01,5091,7096,5000,2649,19873,39319,5270,6191,3488,2482,1232,1459,537,720,울산
498,2045-01-01,5052,7080,4961,2693,19345,39366,5358,6151,3416,2453,1207,1482,537,716,울산
499,2046-01-01,5014,7063,4922,2737,18318,39413,5446,6111,3346,2426,1143,1506,537,740,울산
500,2047-01-01,4976,7047,4885,2782,17790,39459,5535,6072,3277,2399,1118,1530,537,736,울산
501,2048-01-01,4939,7031,4847,2826,16763,39504,5625,6033,3209,2373,1055,1554,537,760,울산
502,2049-01-01,4903,7016,4811,2871,16235,39549,5715,5995,3143,2347,1029,1579,537,756,울산
503,2050-01-01,4867,7000,4775,2916,15209,39594,5805,5958,3078,2322,966,1603,537,780,울산
504,2009-01-01,17119,20029,16927,3102,160647,151095,9552,18775,16779,8732,8047,1996,1154,842,인천
505,2010-01-01,15610,17200,14783,2417,159587,148258,11329,17132,15512,7858,7654,1620,865,755,인천
506,2011-01-01,15488,17988,15510,2478,200503,188527,11976,17437,15470,7737,7733,1967,1131,836,인천
507,2012-01-01,14568,16779,14590,2189,183058,172234,10824,16394,14568,7540,7028,1826,1080,746,인천
508,2013-01-01,14648,16660,14791,1869,156574,149162,7412,16326,14757,7667,7090,1569,913,656,인천
509,2014-01-01,14588,17012,14588,2424,159451,150461,8990,16657,14547,7560,6987,2110,1054,1056,인천
510,2015-01-01,14506,17317,14530,2787,168654,159977,8677,16517,14486,7455,7031,2031,1001,1030,인천
511,2016-01-01,13967,16587,13999,2588,176200,167480,8720,16252,13979,7092,6887,2273,1131,1142,인천
512,2017-01-01,13737,16717,13772,2945,176074,167508,8566,15987,13751,7145,6606,2236,1100,1136,인천
513,2018-01-01,13600,16543,13618,2925,177955,169085,8870,16157,13585,6865,6720,2572,1321,1251,인천
514,2019-01-01,13610,16699,13617,3082,173650,164722,8928,16134,13579,6884,6695,2555,1383,1172,인천
515,2020-01-01,13610,16727,13619,3108,150595,141367,9228,16192,13609,6921,6688,2583,1394,1189,인천
516,2021-01-01,13754,16839,13767,3072,126296,118304,7992,15669,13165,6982,6183,2504,1363,1141,인천
517,2022-01-01,14658,16691,9392,3445,126991,119240,8535,15835,12888,6570,6213,2669,1469,1261,인천
518,2023-01-01,14545,16649,9028,3529,127556,120048,7930,15564,12671,6572,6106,2741,1528,1240,인천
519,2024-01-01,14435,16614,8678,3615,128116,120848,8220,15554,12457,6320,6001,2812,1588,1331,인천
520,2025-01-01,14326,16572,8342,3701,128669,121640,7614,15283,12247,6322,5897,2882,1649,1306,인천
521,2026-01-01,14220,16536,8018,3789,129218,122424,7904,15274,12040,6070,5796,2952,1713,1401,인천
522,2027-01-01,14115,16494,7707,3877,129760,123200,7299,15002,11837,6072,5696,3022,1778,1373,인천
523,2028-01-01,14012,16459,7408,3967,130298,123968,7589,14993,11637,5820,5598,3090,1845,1470,인천
524,2029-01-01,13911,16417,7121,4058,130830,124729,6983,14722,11441,5822,5502,3159,1914,1440,인천
525,2030-01-01,13812,16381,6845,4150,131356,125482,7273,14712,11248,5570,5407,3226,1985,1540,인천
526,2031-01-01,13714,16339,6579,4244,131878,126228,6668,14441,11058,5572,5314,3293,2058,1506,인천
527,2032-01-01,13618,16304,6324,4338,132394,126966,6957,14432,10871,5320,5222,3359,2132,1609,인천
528,2033-01-01,13524,16262,6079,4434,132905,127696,6352,14160,10688,5322,5132,3425,2208,1573,인천
529,2034-01-01,13431,16226,5843,4530,133411,128420,6642,14151,10507,5070,5044,3490,2287,1679,인천
530,2035-01-01,13339,16185,5617,4628,133912,129136,6036,13880,10330,5072,4957,3555,2367,1639,인천
531,2036-01-01,13250,16149,5399,4727,134407,129845,6326,13870,10156,4820,4872,3618,2449,1749,인천
532,2037-01-01,13161,16107,5190,4827,134898,130547,5721,13599,9984,4822,4788,3682,2534,1706,인천
533,2038-01-01,13075,16072,4988,4928,135384,131242,6010,13590,9816,4570,4705,3745,2620,1818,인천
534,2039-01-01,12989,16030,4795,5030,135865,131930,5405,13318,9650,4572,4624,3807,2708,1773,인천
535,2040-01-01,12905,15994,4609,5134,136342,132611,5695,13309,9487,4320,4545,3869,2799,1888,인천
536,2041-01-01,12823,15952,4430,5238,136813,133285,5089,13038,9327,4322,4466,3930,2891,1839,인천
537,2042-01-01,12741,15917,4258,5343,137280,133953,5379,13028,9170,4070,4390,3990,2986,1958,인천
538,2043-01-01,12662,15875,4093,5450,137742,134614,4774,12757,9015,4072,4314,4051,3082,1906,인천
539,2044-01-01,12583,15839,3934,5557,138200,135268,5064,12748,8863,3820,4240,4110,3181,2027,인천
540,2045-01-01,12506,15797,3782,5665,138653,135916,4458,12476,8713,3822,4167,4169,3282,1972,인천
541,2046-01-01,12429,15762,3635,5775,139101,136557,4748,12467,8566,3570,4095,4228,3385,2097,인천
542,2047-01-01,12354,15720,3494,5885,139545,137192,4143,12196,8422,3572,4024,4286,3490,2039,인천
543,2048-01-01,12281,15684,3359,5996,139984,137820,4432,12186,8280,3320,3955,4343,3597,2166,인천
544,2049-01-01,12208,15642,3228,6109,140419,138443,3827,11915,8140,3322,3887,4400,3707,2106,인천
545,2050-01-01,12137,15607,3103,6222,140850,139059,4117,11906,8003,3070,3820,4456,3819,2236,인천
546,2009-01-01,23220,30505,23305,7200,66103,60003,6100,23408,20539,10541,9998,2869,1267,1602,전남
547,2010-01-01,22556,28497,22623,5874,78157,70356,7801,24245,21181,10700,10481,3064,1282,1782,전남
548,2011-01-01,22372,28496,22392,6104,89645,82303,7342,22992,20949,10501,10448,2043,1005,1038,전남
549,2012-01-01,20364,26589,20376,6213,86625,79076,7549,21081,18994,9710,9284,2087,1020,1067,전남
550,2013-01-01,19483,24343,19497,4846,77056,70582,6474,19976,18200,9431,8769,1776,855,921,전남
551,2014-01-01,18830,22676,18830,3846,79008,73497,5511,19079,17403,9161,8242,1676,908,768,전남
552,2015-01-01,17501,21025,17510,3515,74776,69061,5715,18885,17053,8944,8109,1832,938,894,전남
553,2016-01-01,17263,21090,17284,3806,79438,74163,5275,18484,16638,8767,7871,1846,951,895,전남
554,2017-01-01,16714,19716,16738,2978,76386,71133,5253,17693,15840,8286,7554,1853,954,899,전남
555,2018-01-01,16452,20390,16471,3919,81984,75868,6116,17607,15630,8286,7344,1977,1128,849,전남
556,2019-01-01,16284,20723,16311,4412,83387,77136,6251,17357,15215,8335,6880,2142,1247,895,전남
557,2020-01-01,16003,20581,15883,4698,73199,67237,5962,16810,14792,8073,6719,2018,1213,805,전남
558,2021-01-01,15646,20241,15674,4567,58533,53165,5368,15344,13611,7519,6092,1733,999,734,전남
559,2022-01-01,15314,19717,15290,4373,58847,53658,6214,15053,13579,7707,6076,1890,1042,688,전남
560,2023-01-01,14993,19214,14938,4191,59084,54075,6142,14578,13118,7567,5813,1700,1046,649,전남
561,2024-01-01,14681,18728,14599,4019,59319,54488,6071,14118,12672,7431,5562,1767,1049,613,전남
562,2025-01-01,14379,18260,14271,3855,59551,54896,6001,13673,12241,7299,5321,1577,1052,579,전남
563,2026-01-01,14086,17807,13953,3700,59781,55301,5933,13241,11825,7170,5091,1644,1054,546,전남
564,2027-01-01,13801,17371,13646,3552,60009,55701,5867,12824,11423,7045,4871,1454,1056,515,전남
565,2028-01-01,13526,16949,13349,3412,60234,56098,5802,12419,11035,6923,4661,1521,1057,486,전남
566,2029-01-01,13258,16542,13061,3278,60457,56490,5738,12027,10660,6805,4460,1330,1058,459,전남
567,2030-01-01,12999,16148,12783,3151,60678,56879,5675,11648,10298,6690,4267,1398,1059,433,전남
568,2031-01-01,12746,15768,12513,3030,60897,57263,5614,11280,9948,6578,4082,1207,1060,409,전남
569,2032-01-01,12502,15400,12252,2915,61114,57644,5554,10925,9609,6468,3906,1275,1060,386,전남
570,2033-01-01,12264,15045,11999,2805,61328,58021,5496,10580,9283,6362,3737,1084,1061,364,전남
571,2034-01-01,12033,14701,11754,2701,61541,58394,5438,10246,8967,6259,3576,1152,1061,344,전남
572,2035-01-01,11809,14369,11516,2601,61751,58764,5382,9923,8662,6158,3421,961,1061,325,전남
573,2036-01-01,11591,14047,11286,2506,61959,59130,5327,9610,8368,6060,3273,1028,1062,306,전남
574,2037-01-01,11380,13736,11063,2415,62165,59492,5273,9307,8084,5964,3132,838,1062,289,전남
575,2038-01-01,11174,13435,10846,2329,62369,59850,5220,9013,7809,5871,2996,905,1062,273,전남
576,2039-01-01,10974,13143,10636,2246,62571,60205,5168,8729,7543,5780,2867,715,1062,258,전남
577,2040-01-01,10779,12860,10432,2167,62770,60556,5117,8454,7287,5691,2743,782,1062,243,전남
578,2041-01-01,10590,12587,10234,2092,62968,60904,5067,8187,7039,5605,2625,592,1062,229,전남
579,2042-01-01,10406,12321,10042,2020,63164,61249,5018,7929,6800,5521,2511,659,1062,216,전남
580,2043-01-01,10227,12064,9856,1951,63358,61590,4971,7679,6569,5438,2403,469,1062,204,전남
581,2044-01-01,10053,11815,9675,1885,63550,61927,4923,7436,6346,5358,2299,536,1062,193,전남
582,2045-01-01,9883,11574,9499,1822,63740,62261,4877,7202,6130,5280,2199,346,1062,182,전남
583,2046-01-01,9718,11340,9328,1762,63928,62592,4832,6975,5922,5204,2104,413,1062,172,전남
584,2047-01-01,9557,11113,9162,1704,64115,62920,4788,6755,5720,5130,2013,222,1062,162,전남
585,2048-01-01,9401,10892,9001,1649,64299,63244,4744,6541,5526,5057,1926,290,1062,153,전남
586,2049-01-01,9248,10679,8844,1596,64482,63565,4702,6335,5338,4986,1843,99,1062,144,전남
587,2050-01-01,9100,10471,8692,1545,64662,63883,4660,6135,5157,4917,1763,167,1062,136,전남
588,2009-01-01,31034,37254,31127,6127,108444,100902,7542,30619,27738,15164,12574,2881,1442,1439,전북
589,2010-01-01,30503,35920,30587,5333,134240,123142,11098,31182,28051,15040,13011,3131,1623,1508,전북
590,2011-01-01,30220,35620,30219,5401,150428,140775,9653,30940,28170,14872,13298,2770,1664,1106,전북
591,2012-01-01,28551,33495,28582,4913,144716,135073,9643,29054,26538,14306,12232,2516,1430,1086,전북
592,2013-01-01,27316,31052,27357,3695,135405,128020,7385,27741,25580,13949,11631,2161,1144,1017,전북
593,2014-01-01,27156,31198,27125,4073,136806,128888,7918,27784,25407,13754,11653,2377,1252,1125,전북
594,2015-01-01,25956,29996,25982,4014,145049,136500,8549,27548,25108,13421,11687,2440,1222,1218,전북
595,2016-01-01,25097,29397,25119,4278,157012,148167,8845,27104,24467,12783,11684,2637,1322,1315,전북
596,2017-01-01,24692,29219,24706,4513,150881,141343,9538,26652,23874,12492,11382,2778,1344,1434,전북
597,2018-01-01,23866,28209,23868,4341,144947,134902,10045,26173,23222,12129,11093,2951,1456,1495,전북
598,2019-01-01,23807,28805,23813,4992,150774,140918,9856,26200,22990,12198,10792,3210,1628,1582,전북
599,2020-01-01,23717,29515,23742,5773,140153,130304,9849,26020,22722,12032,10690,3298,1658,1640,전북
600,2021-01-01,23182,31679,23205,8474,121661,111283,10378,23874,20800,10930,9870,3074,1536,1538,전북
601,2022-01-01,22553,33076,22881,11087,128796,113890,9923,24521,21031,11008,10109,3201,1543,1592,전북
602,2023-01-01,21976,34936,22547,15089,127538,116365,9834,23593,20469,10695,9890,3180,1550,1614,전북
603,2024-01-01,21413,36881,22220,20452,120034,118815,9883,23558,19906,10386,9670,3266,1557,1635,전북
604,2025-01-01,20866,38913,21902,27611,118556,121241,9794,22630,19343,10079,9451,3243,1563,1655,전북
605,2026-01-01,20332,41035,21592,37130,111272,123642,9842,22595,18780,9776,9232,3331,1570,1674,전북
606,2027-01-01,19812,43250,21288,49739,109575,126019,9754,21667,18217,9476,9013,3307,1577,1692,전북
607,2028-01-01,19305,45560,20993,66377,102510,128373,9802,21632,17655,9179,8793,3395,1583,1709,전북
608,2029-01-01,18811,47969,20704,88246,100593,130703,9714,20704,17092,8885,8574,3370,1590,1724,전북
609,2030-01-01,18330,50479,20422,116885,93749,133009,9762,20668,16529,8594,8355,3460,1596,1739,전북
610,2031-01-01,17861,53093,20147,154252,91611,135293,9673,19741,15966,8306,8135,3434,1603,1752,전북
611,2032-01-01,17404,55815,19878,202828,84987,137554,9721,19705,15403,8021,7916,3524,1609,1765,전북
612,2033-01-01,16958,58647,19616,265752,82630,139792,9633,18777,14841,7739,7697,3497,1616,1777,전북
613,2034-01-01,16525,61591,19360,346971,76225,142007,9681,18742,14278,7459,7478,3589,1622,1788,전북
614,2035-01-01,16102,64653,19109,451437,73648,144201,9593,17814,13715,7183,7258,3561,1628,1799,전북
615,2036-01-01,15690,67833,18865,585343,67463,146373,9640,17779,13152,6909,7039,3654,1635,1809,전북
616,2037-01-01,15288,71136,18626,756400,64666,148523,9553,16851,12590,6639,6820,3625,1641,1818,전북
617,2038-01-01,14897,74564,18392,974181,58702,150651,9600,16816,12027,6370,6600,3718,1647,1827,전북
618,2039-01-01,14516,78120,18164,1250529,55684,152758,9513,15888,11464,6105,6381,3688,1653,1835,전북
619,2040-01-01,14145,81808,17941,1600046,49940,154844,9559,15852,10901,5842,6162,3783,1659,1842,전북
620,2041-01-01,13783,85630,17722,2040677,46703,156909,9472,14925,10338,5582,5943,3752,1665,1849,전북
621,2042-01-01,13430,89591,17509,2594405,41178,158954,9519,14889,9776,5325,5723,3848,1671,1855,전북
622,2043-01-01,13087,93692,17300,3288066,37721,160978,9432,13961,9213,5070,5504,3815,1678,1861,전북
623,2044-01-01,12752,97936,17096,4154325,32416,162982,9478,13926,8650,4818,5285,3912,1683,1867,전북
624,2045-01-01,12426,102328,16897,5232812,28739,164966,9392,12998,8087,4569,5065,3879,1689,1872,전북
625,2046-01-01,12108,106870,16702,6571459,23655,166930,9438,12963,7524,4322,4846,3977,1695,1877,전북
626,2047-01-01,11798,111565,16511,8228061,19758,168874,9352,12035,6962,4077,4627,3942,1701,1882,전북
627,2048-01-01,11496,116416,16324,10272097,14893,170799,9397,11999,6399,3835,4408,4041,1707,1886,전북
628,2049-01-01,11202,121427,16141,12786842,10776,172705,9312,11072,5836,3596,4188,4006,1713,1890,전북
629,2050-01-01,10915,126600,15962,15871807,6131,174591,9357,11036,5273,3359,3969,4106,1719,1894,전북
630,2009-01-01,7285,8957,7286,1671,15014,13903,1111,6423,5823,3055,2768,600,268,332,제주
631,2010-01-01,7280,9738,7293,2445,18728,17330,1398,6693,5957,3028,2929,736,314,422,제주
632,2011-01-01,7235,9345,7239,2106,19219,17753,1466,6519,5761,2978,2783,758,306,452,제주
633,2012-01-01,6105,7597,6105,1492,19917,18410,1507,6474,5765,2971,2794,709,299,410,제주
634,2013-01-01,6053,7424,6065,1359,19209,17720,1489,6402,5623,2956,2667,779,344,435,제주
635,2014-01-01,6013,7423,6013,1410,18562,16832,1730,6189,5260,2640,2620,929,407,522,제주
636,2015-01-01,5916,7430,5916,1514,21893,19750,2143,6313,5444,2816,2628,869,410,459,제주
637,2016-01-01,5726,7498,5545,1953,22614,20653,1961,6149,5272,2659,2613,877,399,478,제주
638,2017-01-01,5545,7501,5519,1982,20552,18840,1712,5887,5085,2586,2499,802,356,446,제주
639,2018-01-01,5379,7525,5386,2139,24037,21900,2137,6037,5017,2492,2525,1020,490,530,제주
640,2019-01-01,5320,7243,5338,1905,23118,20981,2137,6012,4947,2506,2441,1065,527,538,제주
641,2020-01-01,5020,7671,5026,2645,20690,18592,2098,5525,4670,2343,2327,855,373,482,제주
642,2021-01-01,5025,6882,5033,1849,19026,17282,1744,4995,4233,2116,2117,762,312,450,제주
643,2022-01-01,4718,7108,4939,2512,21290,18872,2147,4863,4282,2193,2271,996,458,502,제주
644,2023-01-01,4563,6864,4832,2136,21378,18524,2106,4730,4106,2120,2143,1020,449,503,제주
645,2024-01-01,4413,6884,4729,2582,21119,18364,2195,4596,3938,2047,2168,1044,480,505,제주
646,2025-01-01,4268,6645,4629,2206,21207,18016,2153,4463,3776,1975,2040,1068,472,506,제주
647,2026-01-01,4128,6661,4531,2652,20948,17856,2242,4329,3621,1902,2064,1092,503,506,제주
648,2027-01-01,3992,6425,4437,2275,21036,17508,2201,4196,3472,1829,1936,1115,494,507,제주
649,2028-01-01,3861,6437,4346,2722,20777,17348,2289,4062,3329,1756,1961,1138,525,508,제주
650,2029-01-01,3734,6206,4258,2345,20865,17000,2248,3928,3192,1683,1833,1161,516,508,제주
651,2030-01-01,3611,6214,4172,2791,20606,16840,2336,3795,3061,1611,1857,1184,547,508,제주
652,2031-01-01,3492,5987,4088,2415,20694,16492,2295,3661,2935,1538,1729,1206,539,509,제주
653,2032-01-01,3377,5990,4008,2861,20435,16332,2383,3528,2815,1465,1754,1228,570,509,제주
654,2033-01-01,3266,5767,3929,2485,20523,15984,2342,3394,2699,1392,1625,1250,561,509,제주
655,2034-01-01,3159,5766,3853,2931,20264,15824,2430,3261,2588,1319,1650,1272,592,509,제주
656,2035-01-01,3055,5548,3779,2554,20352,15476,2389,3127,2482,1247,1522,1293,583,509,제주
657,2036-01-01,2954,5543,3707,3001,20093,15316,2478,2993,2380,1174,1546,1314,615,509,제주
658,2037-01-01,2857,5328,3637,2624,20181,14968,2436,2860,2282,1101,1418,1335,606,509,제주
659,2038-01-01,2763,5319,3570,3071,19922,14808,2525,2726,2188,1028,1443,1356,637,509,제주
660,2039-01-01,2672,5109,3504,2694,20010,14460,2484,2593,2098,955,1315,1377,628,509,제주
661,2040-01-01,2584,5095,3440,3140,19751,14300,2572,2459,2012,883,1339,1397,659,509,제주
662,2041-01-01,2499,4889,3378,2764,19839,13952,2531,2325,1929,810,1211,1417,651,509,제주
663,2042-01-01,2417,4872,3317,3210,19580,13792,2619,2192,1850,737,1236,1437,682,509,제주
664,2043-01-01,2338,4670,3258,2834,19668,13444,2578,2058,1774,664,1108,1457,673,509,제주
665,2044-01-01,2261,4648,3201,3280,19409,13284,2666,1925,1701,591,1132,1476,704,510,제주
666,2045-01-01,2186,4451,3146,2903,19497,12936,2625,1791,1631,519,1004,1496,695,510,제주
667,2046-01-01,2114,4425,3092,3350,19238,12776,2713,1658,1564,446,1029,1515,726,510,제주
668,2047-01-01,2045,4231,3039,2973,19326,12428,2672,1524,1500,373,900,1534,718,510,제주
669,2048-01-01,1978,4201,2988,3419,19066,12268,2760,1390,1438,300,925,1552,749,510,제주
670,2049-01-01,1912,4012,2938,3043,19155,11920,2719,1257,1379,227,797,1571,740,510,제주
671,2050-01-01,1850,3977,2889,3489,18895,11760,2808,1123,1322,155,821,1589,771,510,제주
672,2009-01-01,40341,47679,40656,7023,264513,246026,18487,43294,38863,21106,17757,4431,2262,2169,충남
673,2010-01-01,41105,48574,41113,7461,314431,293379,21052,45033,40354,21182,19172,4679,2416,2263,충남
674,2011-01-01,41066,47838,41102,6736,380629,359394,21235,45057,40362,20971,19391,4695,2376,2319,충남
675,2012-01-01,38070,47134,40563,6571,360943,340285,20658,43762,39469,20595,18874,4293,2269,2024,충남
676,2013-01-01,40018,45529,40055,5474,301485,286300,15185,42692,38939,20318,18621,3753,1920,1833,충남
677,2014-01-01,39730,45994,39730,6264,298178,283069,15109,42489,38593,19987,18606,3896,2074,1822,충남
678,2015-01-01,38095,44034,38141,5893,318880,302972,15908,41191,37438,19132,18306,3753,1940,1813,충남
679,2016-01-01,36457,42962,36560,6402,298132,283747,14385,39525,35866,17837,18029,3659,1897,1762,충남
680,2017-01-01,35748,42603,35850,6753,287671,272542,15129,38715,35047,17573,17474,3668,1944,1724,충남
681,2018-01-01,34935,41573,35037,6536,287869,272058,15811,38289,34503,17207,17296,3786,2002,1784,충남
682,2019-01-01,34779,41205,34838,6367,299450,283297,16153,38439,34531,17291,17240,3908,2012,1896,충남
683,2020-01-01,34846,41181,34902,6279,274484,259217,15267,37728,33903,17080,16823,3825,1900,1925,충남
684,2021-01-01,34947,41186,34793,6393,228300,213962,14338,35589,31924,16503,15421,3665,1843,1822,충남
685,2022-01-01,33803,39756,34593,6548,284180,246411,13867,35643,32284,16334,15748,3668,1827,1807,충남
686,2023-01-01,33272,39126,34397,6263,281034,242025,13719,34891,31629,16167,15377,3613,1763,1792,충남
687,2024-01-01,32749,38506,34204,6506,277888,237639,12962,34139,30974,16003,14941,3597,1745,1777,충남
688,2025-01-01,32234,37896,34015,6223,274742,233253,12814,33388,30319,15843,14570,3543,1682,1762,충남
689,2026-01-01,31728,37296,33828,6465,271596,228868,12057,32636,29664,15686,14133,3526,1664,1748,충남
690,2027-01-01,31229,36705,33644,6183,268450,224482,11909,31884,29008,15532,13762,3472,1601,1734,충남
691,2028-01-01,30739,36124,33462,6423,265304,220096,11151,31132,28353,15381,13326,3455,1583,1720,충남
692,2029-01-01,30256,35552,33284,6143,262158,215710,11003,30381,27698,15232,12955,3401,1519,1706,충남
693,2030-01-01,29780,34988,33108,6382,259011,211325,10246,29629,27043,15087,12518,3384,1502,1693,충남
694,2031-01-01,29312,34434,32935,6103,255865,206939,10098,28877,26388,14945,12147,3331,1438,1680,충남
695,2032-01-01,28852,33889,32765,6340,252719,202553,9340,28126,25733,14805,11710,3313,1421,1667,충남
696,2033-01-01,28398,33352,32597,6064,249573,198167,9192,27374,25078,14668,11339,3260,1357,1654,충남
697,2034-01-01,27952,32824,32432,6299,246427,193782,8435,26622,24423,14534,10903,3242,1340,1642,충남
698,2035-01-01,27513,32304,32269,6024,243281,189396,8287,25870,23768,14402,10532,3190,1276,1629,충남
699,2036-01-01,27081,31792,32109,6257,240135,185010,7530,25119,23113,14273,10095,3171,1259,1617,충남
700,2037-01-01,26655,31288,31951,5984,236989,180624,7382,24367,22458,14146,9724,3119,1195,1605,충남
701,2038-01-01,26236,30793,31795,6216,233843,176239,6624,23615,21803,14021,9288,3100,1177,1594,충남
702,2039-01-01,25824,30305,31642,5944,230697,171853,6476,22864,21148,13899,8917,3048,1114,1582,충남
703,2040-01-01,25418,29825,31490,6174,227551,167467,5719,22112,20493,13779,8480,3029,1096,1571,충남
704,2041-01-01,25019,29352,31342,5904,224405,163081,5571,21360,19838,13661,8109,2978,1033,1560,충남
705,2042-01-01,24626,28887,31195,6133,221259,158696,4814,20609,19182,13546,7672,2958,1015,1549,충남
706,2043-01-01,24239,28430,31050,5865,218112,154310,4665,19857,18527,13433,7301,2907,951,1538,충남
707,2044-01-01,23858,27979,30908,6091,214966,149924,3908,19105,17872,13321,6865,2887,934,1528,충남
708,2045-01-01,23483,27536,30768,5825,211820,145538,3760,18353,17217,13212,6494,2837,870,1518,충남
709,2046-01-01,23114,27100,30629,6050,208674,141153,3003,17602,16562,13105,6057,2816,853,1507,충남
710,2047-01-01,22751,26671,30493,5785,205528,136767,2855,16850,15907,12999,5686,2766,789,1497,충남
711,2048-01-01,22394,26248,30359,6008,202382,132381,2097,16098,15252,12896,5250,2745,772,1488,충남
712,2049-01-01,22042,25832,30226,5745,199236,127995,1949,15347,14597,12794,4879,2695,708,1478,충남
713,2050-01-01,21696,25423,30096,5967,196090,123610,1192,14595,13942,12694,4442,2674,691,1468,충남
714,2009-01-01,26080,31681,26115,5566,163049,151385,11664,26928,24090,13632,10458,2838,1498,1340,충북
715,2010-01-01,26490,31410,26572,4838,169876,156519,13357,28582,25689,14400,11289,2893,1472,1421,충북
716,2011-01-01,26285,30719,26357,4362,190266,178485,11781,28628,25985,14603,11382,2643,1461,1182,충북
717,2012-01-01,26582,30545,26616,3929,198861,185487,13374,28459,25852,14934,10918,2607,1445,1162,충북
718,2013-01-01,25983,29722,26065,3657,163821,154984,8837,27887,25624,14621,11003,2263,1211,1052,충북
719,2014-01-01,25706,29646,25602,4044,168662,158771,9891,27628,25138,14115,11023,2490,1293,1197,충북
720,2015-01-01,24391,27749,24447,3302,179162,169578,9584,26396,24156,13688,10468,2240,1097,1143,충북
721,2016-01-01,23761,27365,23843,3522,166844,158106,8738,25499,23298,12987,10311,2201,1103,1098,충북
722,2017-01-01,23197,26603,23275,3328,168081,159425,8656,24661,22504,12616,9888,2157,1022,1135,충북
723,2018-01-01,22499,25814,22594,3220,165709,157070,8639,24225,22165,12342,9823,2060,966,1094,충북
724,2019-01-01,22455,25481,22345,3136,177874,169231,8643,24122,22092,12317,9775,2030,1008,1022,충북
725,2020-01-01,22307,25979,22379,3600,168965,160513,8452,23430,21456,11839,9617,1974,995,979,충북
726,2021-01-01,21998,25454,22067,3387,133928,125765,8163,21280,19314,10454,8860,1966,958,1008,충북
727,2022-01-01,21895,25238,21961,3204,165087,159028,7613,21275,19241,10198,8876,1928,887,994,충북
728,2023-01-01,21775,25003,21843,3098,164117,158577,7316,20771,18761,9944,8512,1881,851,974,충북
729,2024-01-01,21658,24773,21728,2997,163148,158127,7031,20274,18281,9697,8283,1836,817,954,충북
730,2025-01-01,21542,24548,21614,2901,162178,157676,6756,19785,17801,9455,7920,1793,784,934,충북
731,2026-01-01,21428,24327,21501,2809,161208,157226,6493,19303,17321,9220,7691,1750,753,915,충북
732,2027-01-01,21316,24110,21391,2721,160239,156775,6239,18828,16841,8990,7327,1709,722,896,충북
733,2028-01-01,21205,23898,21282,2637,159269,156325,5996,18360,16361,8766,7099,1670,693,877,충북
734,2029-01-01,21097,23689,21175,2557,158299,155874,5762,17899,15881,8548,6735,1632,665,859,충북
735,2030-01-01,20989,23485,21069,2480,157330,155424,5537,17445,15401,8335,6506,1595,639,841,충북
736,2031-01-01,20884,23284,20965,2406,156360,154973,5321,16998,14921,8127,6143,1559,613,824,충북
737,2032-01-01,20780,23087,20863,2336,155390,154523,5114,16557,14441,7925,5914,1524,588,807,충북
738,2033-01-01,20677,22893,20762,2268,154421,154072,4914,16122,13961,7728,5550,1491,565,790,충북
739,2034-01-01,20576,22704,20662,2204,153451,153622,4722,15695,13481,7535,5322,1458,542,774,충북
740,2035-01-01,20477,22517,20564,2142,152481,153171,4538,15273,13001,7347,4958,1427,520,758,충북
741,2036-01-01,20379,22335,20468,2082,151512,152721,4361,14858,12521,7164,4729,1397,499,742,충북
742,2037-01-01,20282,22155,20372,2025,150542,152270,4191,14448,12041,6986,4366,1367,479,727,충북
743,2038-01-01,20187,21979,20279,1970,149573,151820,4027,14045,11561,6812,4137,1338,460,712,충북
744,2039-01-01,20093,21806,20186,1918,148603,151370,3870,13648,11081,6642,3773,1311,441,697,충북
745,2040-01-01,20001,21636,20095,1868,147633,150919,3719,13257,10601,6477,3545,1284,424,683,충북
746,2041-01-01,19910,21470,20005,1819,146664,150469,3574,12871,10121,6316,3181,1258,407,669,충북
747,2042-01-01,19820,21306,19917,1772,145694,150018,3435,12492,9641,6158,2952,1232,390,655,충북
748,2043-01-01,19732,21145,19830,1728,144724,149568,3301,12117,9161,6005,2589,1208,375,641,충북
749,2044-01-01,19644,20987,19744,1685,143755,149117,3172,11749,8681,5855,2360,1184,360,628,충북
750,2045-01-01,19559,20832,19659,1643,142785,148667,3048,11385,8201,5710,1996,1161,345,615,충북
751,2046-01-01,19474,20679,19576,1603,141815,148216,2929,11028,7721,5567,1768,1139,331,602,충북
752,2047-01-01,19390,20530,19493,1565,140846,147766,2815,10675,7241,5429,1404,1117,318,590,충북
753,2048-01-01,19308,20382,19412,1528,139876,147315,2705,10328,6760,5293,1175,1096,305,578,충북
754,2049-01-01,19227,20238,19332,1492,138906,146865,2599,9986,6280,5162,812,1075,293,566,충북
755,2050-01-01,19147,20096,19253,1458,137937,146414,2498,9648,5800,5033,583,1055,281,554,충북
